{"stats":{"minecraft:picked_up":{"minecraft:crafting_table":1,"minecraft:oak_log":1,"minecraft:oak_sapling":2},"minecraft:dropped":{"minecraft:crafting_table":2,"minecraft:oak_sapling":2},"minecraft:crafted":{"minecraft:crafting_table":1,"minecraft:oak_planks":4},"minecraft:custom":{"minecraft:jump":5,"minecraft:time_since_rest":2703,"minecraft:leave_game":1,"minecraft:sprint_one_cm":347,"minecraft:crouch_one_cm":604,"minecraft:play_time":2703,"minecraft:time_since_death":2703,"minecraft:walk_one_cm":1196,"minecraft:sneak_time":286,"minecraft:total_world_time":2703,"minecraft:drop":4,"minecraft:fly_one_cm":963},"minecraft:mined":{"minecraft:birch_log":1,"minecraft:oak_log":1,"minecraft:birch_leaves":4,"minecraft:oak_leaves":3}},"DataVersion":3120}